{
  "accuracy": 0.641644299030304,
  "loss": 0.8181265592575073,
  "val_accuracy": 0.5857338905334473,
  "val_loss": 0.8372852802276611,
  "epoch": 0,
  "global_step": 70
}