{
  "accuracy": 0.6196291446685791,
  "loss": 0.8302890062332153,
  "val_accuracy": 0.5748929977416992,
  "val_loss": 0.826242208480835,
  "epoch": 8,
  "global_step": 630
}