{
  "accuracy": 0.4070598781108856,
  "loss": 1.076979637145996,
  "val_accuracy": 0.3497942388057709,
  "val_loss": 1.0995092391967773,
  "epoch": 18,
  "global_step": 1330
}