{
  "accuracy": 0.4346449673175812,
  "loss": 1.0555181503295898,
  "val_accuracy": 0.2938659191131592,
  "val_loss": 1.1474156379699707,
  "epoch": 4,
  "global_step": 350
}