{
  "accuracy": 0.40527257323265076,
  "loss": 1.080674409866333,
  "val_accuracy": 0.3813443183898926,
  "val_loss": 1.0954065322875977,
  "epoch": 0,
  "global_step": 70
}