{
  "accuracy": 0.8385345935821533,
  "loss": 0.5001389980316162,
  "val_accuracy": 0.8031383752822876,
  "val_loss": 0.43632087111473083,
  "epoch": 47,
  "global_step": 3360
}