{
  "accuracy": 0.58668452501297,
  "loss": 0.957086443901062,
  "val_accuracy": 0.5610425472259521,
  "val_loss": 0.936043381690979,
  "epoch": 0,
  "global_step": 70
}