{
  "accuracy": 0.627345860004425,
  "loss": 0.8461155891418457,
  "val_accuracy": 0.5610425472259521,
  "val_loss": 1.134832739830017,
  "epoch": 0,
  "global_step": 70
}