{
  "accuracy": 0.747989296913147,
  "loss": 0.5383371710777283,
  "val_accuracy": 0.7037037014961243,
  "val_loss": 0.6534820795059204,
  "epoch": 6,
  "global_step": 490
}