{
  "accuracy": 0.8407959938049316,
  "loss": 0.3671591877937317,
  "val_accuracy": 0.8530670404434204,
  "val_loss": 0.35799840092658997,
  "epoch": 47,
  "global_step": 3360
}