{
  "accuracy": 0.47851651906967163,
  "loss": 1.0122689008712769,
  "val_accuracy": 0.44507846236228943,
  "val_loss": 1.0689791440963745,
  "epoch": 1,
  "global_step": 140
}