{
  "accuracy": 0.6436001658439636,
  "loss": 0.8351994752883911,
  "val_accuracy": 0.7218259572982788,
  "val_loss": 0.7054781317710876,
  "epoch": 7,
  "global_step": 560
}