{
  "accuracy": 0.44821348786354065,
  "loss": 1.021201252937317,
  "val_accuracy": 0.4679029881954193,
  "val_loss": 1.0045738220214844,
  "epoch": 43,
  "global_step": 3080
}