{
  "accuracy": 0.5065581202507019,
  "loss": 1.011031150817871,
  "val_accuracy": 0.4750356674194336,
  "val_loss": 1.1181966066360474,
  "epoch": 2,
  "global_step": 210
}