{
  "accuracy": 0.4066130518913269,
  "loss": 1.0631473064422607,
  "val_accuracy": 0.4279835522174835,
  "val_loss": 1.063779592514038,
  "epoch": 42,
  "global_step": 3010
}