{
  "accuracy": 0.6085790991783142,
  "loss": 0.9143043160438538,
  "val_accuracy": 0.5294924378395081,
  "val_loss": 0.9957891702651978,
  "epoch": 2,
  "global_step": 210
}