{
  "accuracy": 0.4267202913761139,
  "loss": 1.076605200767517,
  "val_accuracy": 0.3539094626903534,
  "val_loss": 1.1095691919326782,
  "epoch": 4,
  "global_step": 350
}