{
  "accuracy": 0.4182305634021759,
  "loss": 1.067129135131836,
  "val_accuracy": 0.3676268756389618,
  "val_loss": 1.095733642578125,
  "epoch": 1,
  "global_step": 140
}