{
  "accuracy": 0.6532618403434753,
  "loss": 0.7657082080841064,
  "val_accuracy": 0.5377228856086731,
  "val_loss": 1.256306767463684,
  "epoch": 1,
  "global_step": 140
}