{
  "accuracy": 0.7100089192390442,
  "loss": 0.6402230858802795,
  "val_accuracy": 0.6694101691246033,
  "val_loss": 0.7791840434074402,
  "epoch": 2,
  "global_step": 210
}