{
  "accuracy": 0.6890080571174622,
  "loss": 0.6857561469078064,
  "val_accuracy": 0.5925925970077515,
  "val_loss": 0.889884889125824,
  "epoch": 2,
  "global_step": 210
}