{
  "accuracy": 0.4405246376991272,
  "loss": 1.0662527084350586,
  "val_accuracy": 0.42368045449256897,
  "val_loss": 1.1628695726394653,
  "epoch": 0,
  "global_step": 70
}