{
  "accuracy": 0.6085790991783142,
  "loss": 0.924601137638092,
  "val_accuracy": 0.5294924378395081,
  "val_loss": 1.0088741779327393,
  "epoch": 2,
  "global_step": 210
}