{
  "accuracy": 0.8511985540390015,
  "loss": 0.3656633198261261,
  "val_accuracy": 0.8145506381988525,
  "val_loss": 0.39646831154823303,
  "epoch": 36,
  "global_step": 2590
}