{
  "accuracy": 0.7243074178695679,
  "loss": 0.6144799590110779,
  "val_accuracy": 0.6296296119689941,
  "val_loss": 0.8168724179267883,
  "epoch": 9,
  "global_step": 700
}