{
  "accuracy": 0.603663980960846,
  "loss": 0.9431792497634888,
  "val_accuracy": 0.5294924378395081,
  "val_loss": 1.045378565788269,
  "epoch": 0,
  "global_step": 70
}