{
  "accuracy": 0.4717322587966919,
  "loss": 1.0346239805221558,
  "val_accuracy": 0.2867332398891449,
  "val_loss": 1.3355950117111206,
  "epoch": 4,
  "global_step": 350
}