{
  "accuracy": 0.4527363181114197,
  "loss": 1.0647010803222656,
  "val_accuracy": 0.4350927174091339,
  "val_loss": 1.1209603548049927,
  "epoch": 0,
  "global_step": 70
}