{
  "accuracy": 0.7828418016433716,
  "loss": 0.47725456953048706,
  "val_accuracy": 0.7242798209190369,
  "val_loss": 0.5706420540809631,
  "epoch": 14,
  "global_step": 1050
}