{
  "accuracy": 0.42582663893699646,
  "loss": 1.0667427778244019,
  "val_accuracy": 0.35939642786979675,
  "val_loss": 1.0947941541671753,
  "epoch": 34,
  "global_step": 2450
}