{
  "accuracy": 0.4128686189651489,
  "loss": 1.0734851360321045,
  "val_accuracy": 0.37722909450531006,
  "val_loss": 1.098134160041809,
  "epoch": 13,
  "global_step": 980
}