{
  "accuracy": 0.5382180213928223,
  "loss": 0.9698745012283325,
  "val_accuracy": 0.38231098651885986,
  "val_loss": 1.1056817770004272,
  "epoch": 4,
  "global_step": 350
}