{
  "accuracy": 0.7877569198608398,
  "loss": 0.4954944849014282,
  "val_accuracy": 0.7105624079704285,
  "val_loss": 0.6669847369194031,
  "epoch": 47,
  "global_step": 3360
}