{
  "accuracy": 0.43118855357170105,
  "loss": 1.0545544624328613,
  "val_accuracy": 0.3991769552230835,
  "val_loss": 1.1662483215332031,
  "epoch": 5,
  "global_step": 420
}