{
  "accuracy": 0.41644325852394104,
  "loss": 1.070454478263855,
  "val_accuracy": 0.3923182487487793,
  "val_loss": 1.0740927457809448,
  "epoch": 5,
  "global_step": 420
}