{
  "accuracy": 0.777479887008667,
  "loss": 0.5031342506408691,
  "val_accuracy": 0.7599451541900635,
  "val_loss": 0.5792494416236877,
  "epoch": 49,
  "global_step": 3500
}