{
  "accuracy": 0.5813226103782654,
  "loss": 1.0167593955993652,
  "val_accuracy": 0.5418381094932556,
  "val_loss": 0.951602041721344,
  "epoch": 0,
  "global_step": 70
}