{
  "accuracy": 0.4624664783477783,
  "loss": 1.0132795572280884,
  "val_accuracy": 0.33882030844688416,
  "val_loss": 1.1282559633255005,
  "epoch": 7,
  "global_step": 560
}