{
  "accuracy": 0.453640878200531,
  "loss": 1.0735721588134766,
  "val_accuracy": 0.4350927174091339,
  "val_loss": 1.074591875076294,
  "epoch": 7,
  "global_step": 560
}