{
  "accuracy": 0.8385345935821533,
  "loss": 0.5361133217811584,
  "val_accuracy": 0.8815976977348328,
  "val_loss": 0.3365830183029175,
  "epoch": 48,
  "global_step": 3430
}