{
  "accuracy": 0.5404794216156006,
  "loss": 0.9368001818656921,
  "val_accuracy": 0.4165477752685547,
  "val_loss": 0.9217420220375061,
  "epoch": 10,
  "global_step": 770
}