{
  "accuracy": 0.4387846291065216,
  "loss": 1.0536024570465088,
  "val_accuracy": 0.37311384081840515,
  "val_loss": 1.116262674331665,
  "epoch": 3,
  "global_step": 280
}