{
  "accuracy": 0.3731343150138855,
  "loss": 1.0944677591323853,
  "val_accuracy": 0.3666191101074219,
  "val_loss": 1.0927858352661133,
  "epoch": 25,
  "global_step": 1820
}