{
  "accuracy": 0.6858802437782288,
  "loss": 0.7073729634284973,
  "val_accuracy": 0.688614547252655,
  "val_loss": 0.7156497836112976,
  "epoch": 1,
  "global_step": 140
}