{
  "accuracy": 0.8038427233695984,
  "loss": 0.43675392866134644,
  "val_accuracy": 0.6954732537269592,
  "val_loss": 0.7172443866729736,
  "epoch": 44,
  "global_step": 3150
}