{
  "accuracy": 0.48346737027168274,
  "loss": 1.0212346315383911,
  "val_accuracy": 0.42935529351234436,
  "val_loss": 1.0655450820922852,
  "epoch": 5,
  "global_step": 420
}