{
  "accuracy": 0.3972296714782715,
  "loss": 1.0897843837738037,
  "val_accuracy": 0.37037035822868347,
  "val_loss": 1.0961201190948486,
  "epoch": 6,
  "global_step": 490
}