{
  "accuracy": 0.42180517315864563,
  "loss": 1.0612784624099731,
  "val_accuracy": 0.37722909450531006,
  "val_loss": 1.0768048763275146,
  "epoch": 1,
  "global_step": 140
}