{
  "accuracy": 0.3829312026500702,
  "loss": 1.1202760934829712,
  "val_accuracy": 0.37037035822868347,
  "val_loss": 1.1007883548736572,
  "epoch": 0,
  "global_step": 70
}