{
  "accuracy": 0.8181818127632141,
  "loss": 0.5716337561607361,
  "val_accuracy": 0.851640522480011,
  "val_loss": 0.3857457637786865,
  "epoch": 45,
  "global_step": 3220
}