{
  "accuracy": 0.5974084138870239,
  "loss": 0.9301260113716125,
  "val_accuracy": 0.49519890546798706,
  "val_loss": 0.9858607649803162,
  "epoch": 0,
  "global_step": 70
}