{
  "accuracy": 0.6966041326522827,
  "loss": 0.6541564464569092,
  "val_accuracy": 0.4485596716403961,
  "val_loss": 1.2374544143676758,
  "epoch": 4,
  "global_step": 350
}