{
  "accuracy": 0.6974977850914001,
  "loss": 0.6632822155952454,
  "val_accuracy": 0.5198902487754822,
  "val_loss": 1.0196269750595093,
  "epoch": 2,
  "global_step": 210
}