{
  "accuracy": 0.487109899520874,
  "loss": 1.0248441696166992,
  "val_accuracy": 0.476462185382843,
  "val_loss": 1.0634584426879883,
  "epoch": 2,
  "global_step": 210
}