{
  "accuracy": 0.6983914375305176,
  "loss": 0.7015149593353271,
  "val_accuracy": 0.5898491144180298,
  "val_loss": 1.1052218675613403,
  "epoch": 2,
  "global_step": 210
}