{
  "accuracy": 0.8652193546295166,
  "loss": 0.3192254304885864,
  "val_accuracy": 0.8530670404434204,
  "val_loss": 0.4009643495082855,
  "epoch": 34,
  "global_step": 2450
}