{
  "accuracy": 0.8656716346740723,
  "loss": 0.3086276054382324,
  "val_accuracy": 0.8844507932662964,
  "val_loss": 0.335017591714859,
  "epoch": 40,
  "global_step": 2870
}