{
  "accuracy": 0.41733691096305847,
  "loss": 1.0890132188796997,
  "val_accuracy": 0.37997257709503174,
  "val_loss": 1.1111549139022827,
  "epoch": 14,
  "global_step": 1050
}