{
  "accuracy": 0.5070104002952576,
  "loss": 1.0373948812484741,
  "val_accuracy": 0.4750356674194336,
  "val_loss": 1.0552093982696533,
  "epoch": 10,
  "global_step": 770
}