{
  "accuracy": 0.7292225360870361,
  "loss": 0.6201982498168945,
  "val_accuracy": 0.6776406168937683,
  "val_loss": 0.6935698390007019,
  "epoch": 7,
  "global_step": 560
}