{
  "accuracy": 0.6210902333259583,
  "loss": 0.7998111844062805,
  "val_accuracy": 0.5294924378395081,
  "val_loss": 0.9151068925857544,
  "epoch": 2,
  "global_step": 210
}