{
  "accuracy": 0.5296245813369751,
  "loss": 0.9405543804168701,
  "val_accuracy": 0.6747503280639648,
  "val_loss": 0.8164697885513306,
  "epoch": 4,
  "global_step": 350
}