{
  "accuracy": 0.7195838689804077,
  "loss": 0.6336180567741394,
  "val_accuracy": 0.7332382202148438,
  "val_loss": 0.6394373774528503,
  "epoch": 11,
  "global_step": 840
}