{
  "accuracy": 0.8597919344902039,
  "loss": 0.3550761342048645,
  "val_accuracy": 0.8801711797714233,
  "val_loss": 0.2722744345664978,
  "epoch": 47,
  "global_step": 3360
}