{
  "accuracy": 0.6733690500259399,
  "loss": 0.7549189925193787,
  "val_accuracy": 0.570644736289978,
  "val_loss": 1.3274717330932617,
  "epoch": 1,
  "global_step": 140
}