{
  "accuracy": 0.7359249591827393,
  "loss": 0.5582194328308105,
  "val_accuracy": 0.6913580298423767,
  "val_loss": 0.7226622104644775,
  "epoch": 8,
  "global_step": 630
}