{
  "accuracy": 0.41108131408691406,
  "loss": 1.0676767826080322,
  "val_accuracy": 0.3786008358001709,
  "val_loss": 1.0814741849899292,
  "epoch": 1,
  "global_step": 140
}