{
  "accuracy": 0.754244863986969,
  "loss": 0.5385019183158875,
  "val_accuracy": 0.7352537512779236,
  "val_loss": 0.6135746836662292,
  "epoch": 48,
  "global_step": 3430
}