{
  "accuracy": 0.7630031704902649,
  "loss": 0.5343257784843445,
  "val_accuracy": 0.8901569247245789,
  "val_loss": 0.2899531126022339,
  "epoch": 14,
  "global_step": 1050
}