{
  "accuracy": 0.40482574701309204,
  "loss": 1.0741795301437378,
  "val_accuracy": 0.35528120398521423,
  "val_loss": 1.1008380651474,
  "epoch": 8,
  "global_step": 630
}