{
  "accuracy": 0.4003574550151825,
  "loss": 1.0838046073913574,
  "val_accuracy": 0.3648833930492401,
  "val_loss": 1.101982593536377,
  "epoch": 11,
  "global_step": 840
}