{
  "accuracy": 0.6671134829521179,
  "loss": 0.7210450172424316,
  "val_accuracy": 0.6172839403152466,
  "val_loss": 0.7966970801353455,
  "epoch": 7,
  "global_step": 560
}