{
  "accuracy": 0.7982813119888306,
  "loss": 0.5517812967300415,
  "val_accuracy": 0.8188302516937256,
  "val_loss": 0.39686673879623413,
  "epoch": 44,
  "global_step": 3150
}