{
  "accuracy": 0.4745308458805084,
  "loss": 1.0170739889144897,
  "val_accuracy": 0.395061731338501,
  "val_loss": 1.0810914039611816,
  "epoch": 7,
  "global_step": 560
}