{
  "accuracy": 0.8810492753982544,
  "loss": 0.30436432361602783,
  "val_accuracy": 0.8787446618080139,
  "val_loss": 0.28704750537872314,
  "epoch": 46,
  "global_step": 3290
}