{
  "accuracy": 0.41112619638442993,
  "loss": 1.0351861715316772,
  "val_accuracy": 0.3708987236022949,
  "val_loss": 1.0144802331924438,
  "epoch": 0,
  "global_step": 70
}