{
  "accuracy": 0.40750670433044434,
  "loss": 1.0830556154251099,
  "val_accuracy": 0.3991769552230835,
  "val_loss": 1.0926117897033691,
  "epoch": 0,
  "global_step": 70
}