{
  "accuracy": 0.6255585551261902,
  "loss": 0.8090303540229797,
  "val_accuracy": 0.5294924378395081,
  "val_loss": 0.9576207399368286,
  "epoch": 2,
  "global_step": 210
}