{
  "accuracy": 0.3949955403804779,
  "loss": 1.0790951251983643,
  "val_accuracy": 0.39368999004364014,
  "val_loss": 1.090706706047058,
  "epoch": 3,
  "global_step": 280
}