{
  "accuracy": 0.8548168540000916,
  "loss": 0.3727826774120331,
  "val_accuracy": 0.8345221281051636,
  "val_loss": 0.38761812448501587,
  "epoch": 28,
  "global_step": 2030
}