{
  "accuracy": 0.6748077869415283,
  "loss": 0.8122178316116333,
  "val_accuracy": 0.5620542168617249,
  "val_loss": 0.8697081208229065,
  "epoch": 9,
  "global_step": 700
}