{
  "accuracy": 0.7765862345695496,
  "loss": 0.4949873089790344,
  "val_accuracy": 0.748971164226532,
  "val_loss": 0.5990457534790039,
  "epoch": 44,
  "global_step": 3150
}