{
  "accuracy": 0.4262734651565552,
  "loss": 1.0511119365692139,
  "val_accuracy": 0.32784637808799744,
  "val_loss": 1.144716501235962,
  "epoch": 10,
  "global_step": 770
}