{
  "accuracy": 0.4012511074542999,
  "loss": 1.074498176574707,
  "val_accuracy": 0.4087791442871094,
  "val_loss": 1.0720252990722656,
  "epoch": 14,
  "global_step": 1050
}