{
  "accuracy": 0.9004974961280823,
  "loss": 0.25653520226478577,
  "val_accuracy": 0.8901569247245789,
  "val_loss": 0.2975371479988098,
  "epoch": 43,
  "global_step": 3080
}